{
  "BTN": {
    "75": 0.01525,
    "76": 0.041485,
    "85": 0.01635,
    "86": 0.04552,
    "87": 0.06726,
    "95": 0.00704,
    "96": 0.020795,
    "97": 0.040365,
    "98": 0.05929,
    "T5": 0.00439,
    "T6": 0.01228,
    "T7": 0.02419,
    "T8": 0.036205,
    "T9": 0.015395,
    "J8": 0.0779,
    "J9": 0.01546,
    "Q": 0.092775,
    "K": 0.09355,
    "A": 0.09341,
    "22": 0.03574,
    "33": 0.02866,
    "44": 0.02903,
    "55": 0.027195,
    "66": 0.026045,
    "77": 0.024655,
    "88": 0.024345,
    "99": 0.01116,
    "Straight": 0.01426
  },
  "BB": {
    "75": 0.004035,
    "76": 0.01766,
    "85": 0.011395,
    "86": 0.05251,
    "87": 0.07438,
    "95": 0.001455,
    "96": 0.012485,
    "97": 0.029855,
    "98": 0.087295,
    "T5": 0.00095,
    "T6": 0.00681,
    "T7": 0.01665,
    "T8": 0.04975,
    "T9": 0.018805,
    "J8": 0.074255,
    "J9": 0.01829,
    "Q": 0.09288,
    "K": 0.092385,
    "A": 0.09344,
    "22": 0.011265,
    "33": 0.033045,
    "44": 0.029275,
    "55": 0.035125,
    "66": 0.03534,
    "77": 0.022855,
    "88": 0.0384,
    "99": 0.013525,
    "Straight": 0.025885
  }
}