{
  "BTN": {
    "75": 0.004775,
    "76": 0.01125,
    "85": 0.00446,
    "86": 0.01662,
    "87": 0.02761,
    "95": 0.00217,
    "96": 0.006905,
    "97": 0.017125,
    "98": 0.028275,
    "T5": 0.00202,
    "T6": 0.007015,
    "T7": 0.01703,
    "T8": 0.029405,
    "T9": 0.015925,
    "J8": 0.055065,
    "J9": 0.030895,
    "Q": 0.102925,
    "K": 0.117645,
    "A": 0.13231,
    "22": 0.053965,
    "33": 0.050135,
    "44": 0.04627,
    "55": 0.042665,
    "66": 0.03895,
    "77": 0.034145,
    "88": 0.03609,
    "99": 0.005455,
    "TT": 0.00555,
    "JJ": 0.005715,
    "QQ": 0.00573,
    "KK": 0.005595,
    "AA": 0.005575,
    "2-Pair": 0.018635,
    "Trips": 0.006445,
    "Str.": 0.009655
  },
  "BB": {
    "75": 0.002005,
    "76": 0.00758,
    "85": 0.00467,
    "86": 0.020775,
    "87": 0.02933,
    "95": 0.00076,
    "96": 0.00528,
    "97": 0.012315,
    "98": 0.036035,
    "T5": 0.00076,
    "T6": 0.00556,
    "T7": 0.01229,
    "T8": 0.036845,
    "T9": 0.014955,
    "J8": 0.055755,
    "J9": 0.030825,
    "Q": 0.100945,
    "K": 0.117735,
    "A": 0.133555,
    "22": 0.03313,
    "33": 0.04783,
    "44": 0.039355,
    "55": 0.04824,
    "66": 0.04986,
    "77": 0.025805,
    "88": 0.0563,
    "99": 0.006,
    "TT": 0.005775,
    "JJ": 0.00572,
    "QQ": 0.00573,
    "KK": 0.005985,
    "AA": 0.005995,
    "2-Pair": 0.01903,
    "Trips": 0.00644,
    "Str.": 0.01083
  }
}