{
  "BTN": {
    "75": 0.015455,
    "76": 0.04283,
    "85": 0.01636,
    "86": 0.04606,
    "87": 0.06888,
    "95": 0.00711,
    "96": 0.02069,
    "97": 0.04144,
    "98": 0.06129,
    "T5": 0.004585,
    "T6": 0.01271,
    "T7": 0.025195,
    "T8": 0.037795,
    "T9": 0.016145,
    "J8": 0.078545,
    "J9": 0.01586,
    "Q": 0.0945,
    "K": 0.09539,
    "A": 0.096015,
    "22": 0.01251,
    "33": 0.029285,
    "44": 0.02935,
    "55": 0.028525,
    "66": 0.02715,
    "77": 0.02506,
    "88": 0.02512,
    "99": 0.011395,
    "Straight": 0.01475
  },
  "BB": {
    "75": 0.003485,
    "76": 0.01648,
    "85": 0.01092,
    "86": 0.050285,
    "87": 0.07257,
    "95": 0.00127,
    "96": 0.01182,
    "97": 0.030005,
    "98": 0.088125,
    "T5": 0.00095,
    "T6": 0.00719,
    "T7": 0.01711,
    "T8": 0.05021,
    "T9": 0.019305,
    "J8": 0.076655,
    "J9": 0.018865,
    "Q": 0.09536,
    "K": 0.094515,
    "A": 0.09575,
    "22": 0.0,
    "33": 0.034265,
    "44": 0.03003,
    "55": 0.03571,
    "66": 0.03623,
    "77": 0.024005,
    "88": 0.03925,
    "99": 0.013665,
    "Straight": 0.025975
  }
}