{
  "BTN": {
    "75": 0.01508,
    "76": 0.03976,
    "85": 0.015605,
    "86": 0.04441,
    "87": 0.066745,
    "95": 0.007035,
    "96": 0.0202,
    "97": 0.039155,
    "98": 0.057535,
    "T5": 0.004275,
    "T6": 0.01186,
    "T7": 0.023805,
    "T8": 0.035415,
    "T9": 0.015335,
    "J8": 0.075975,
    "J9": 0.015275,
    "Q": 0.09134,
    "K": 0.090835,
    "A": 0.091445,
    "22": 0.058,
    "33": 0.02807,
    "44": 0.02836,
    "55": 0.02703,
    "66": 0.025855,
    "77": 0.023715,
    "88": 0.02333,
    "99": 0.0106,
    "Straight": 0.013955
  },
  "BB": {
    "75": 0.00494,
    "76": 0.018945,
    "85": 0.01221,
    "86": 0.0546,
    "87": 0.07412,
    "95": 0.001685,
    "96": 0.01232,
    "97": 0.02994,
    "98": 0.08695,
    "T5": 0.00095,
    "T6": 0.006955,
    "T7": 0.01584,
    "T8": 0.04917,
    "T9": 0.01859,
    "J8": 0.07255,
    "J9": 0.017765,
    "Q": 0.090085,
    "K": 0.091255,
    "A": 0.091105,
    "22": 0.022,
    "33": 0.032745,
    "44": 0.028665,
    "55": 0.0341,
    "66": 0.033745,
    "77": 0.02203,
    "88": 0.03765,
    "99": 0.013015,
    "Straight": 0.026075
  }
}