{
  "BTN": {
    "75": 0.015735,
    "76": 0.042325,
    "85": 0.01635,
    "86": 0.04631,
    "87": 0.06899,
    "95": 0.007195,
    "96": 0.02042,
    "97": 0.041705,
    "98": 0.061665,
    "T5": 0.00477,
    "T6": 0.01305,
    "T7": 0.025895,
    "T8": 0.038565,
    "T9": 0.016905,
    "J8": 0.08076,
    "J9": 0.01637,
    "Q": 0.096835,
    "K": 0.097415,
    "A": 0.09812,
    "22": 0.0,
    "33": 0.028715,
    "44": 0.02997,
    "55": 0.0284,
    "66": 0.02749,
    "77": 0.02471,
    "88": 0.025395,
    "99": 0.01135,
    "Straight": 0.01459
  },
  "BB": {
    "75": 0.0,
    "76": 0.0,
    "85": 0.0,
    "86": 0.029095,
    "87": 0.0624,
    "95": 0.0,
    "96": 0.01099,
    "97": 0.03307,
    "98": 0.090645,
    "T5": 0.0,
    "T6": 0.00574,
    "T7": 0.01801,
    "T8": 0.04835,
    "T9": 0.02567,
    "J8": 0.071505,
    "J9": 0.02582,
    "Q": 0.0971,
    "K": 0.097935,
    "A": 0.09779,
    "22": 0.0,
    "33": 0.04539,
    "44": 0.035095,
    "55": 0.04005,
    "66": 0.03983,
    "77": 0.02895,
    "88": 0.03925,
    "99": 0.018605,
    "Straight": 0.03871
  }
}