{
  "BTN": {
    "75": 0.004015,
    "76": 0.012335,
    "85": 0.004045,
    "86": 0.017065,
    "87": 0.048295,
    "95": 0.00422,
    "96": 0.017075,
    "97": 0.05005,
    "98": 0.084455,
    "T5": 0.003945,
    "T6": 0.01308,
    "T7": 0.03251,
    "T8": 0.048365,
    "T9": 0.049225,
    "J8": 0.036865,
    "J9": 0.054385,
    "Q": 0.09134,
    "K": 0.090835,
    "A": 0.091445,
    "22": 0.0329,
    "33": 0.028335,
    "44": 0.02726,
    "55": 0.02812,
    "66": 0.02585,
    "77": 0.02771,
    "88": 0.025835,
    "99": 0.022965,
    "TT": 0.01291,
    "JJ": 0.0,
    "QQ": 0.0,
    "KK": 0.0,
    "AA": 0.0,
    "2-Pair": 0.0,
    "Trips": 0.0,
    "Str.": 0.014565
  },
  "BB": {
    "75": 0.0,
    "76": 0.0,
    "85": 0.00502,
    "86": 0.02066,
    "87": 0.04689,
    "95": 0.00486,
    "96": 0.02054,
    "97": 0.04773,
    "98": 0.102605,
    "T5": 0.00518,
    "T6": 0.01588,
    "T7": 0.02513,
    "T8": 0.043145,
    "T9": 0.05618,
    "J8": 0.029415,
    "J9": 0.0609,
    "Q": 0.090085,
    "K": 0.091255,
    "A": 0.091105,
    "22": 0.03136,
    "33": 0.027155,
    "44": 0.02655,
    "55": 0.026065,
    "66": 0.026435,
    "77": 0.023345,
    "88": 0.0287,
    "99": 0.02918,
    "TT": 0.01269,
    "JJ": 0.0,
    "QQ": 0.0,
    "KK": 0.0,
    "AA": 0.0,
    "2-Pair": 0.0,
    "Trips": 0.0,
    "Str.": 0.01194
  }
}