{
  "BTN": {
    "75": 0.01203,
    "76": 0.02915,
    "85": 0.011655,
    "86": 0.043595,
    "87": 0.06917,
    "95": 0.004945,
    "96": 0.017325,
    "97": 0.041105,
    "98": 0.06751,
    "T5": 0.002635,
    "T6": 0.009165,
    "T7": 0.02271,
    "T8": 0.03815,
    "T9": 0.01803,
    "J8": 0.07347,
    "J9": 0.01778,
    "Q": 0.09134,
    "K": 0.090835,
    "A": 0.091445,
    "22": 0.035935,
    "33": 0.033475,
    "44": 0.030955,
    "55": 0.029955,
    "66": 0.028375,
    "77": 0.02563,
    "88": 0.02665,
    "99": 0.012745,
    "Str.": 0.024235
  },
  "BB": {
    "75": 0.005095,
    "76": 0.019105,
    "85": 0.012455,
    "86": 0.0543,
    "87": 0.07415,
    "95": 0.001775,
    "96": 0.012405,
    "97": 0.02983,
    "98": 0.086605,
    "T5": 0.00095,
    "T6": 0.006955,
    "T7": 0.01584,
    "T8": 0.04917,
    "T9": 0.01859,
    "J8": 0.07255,
    "J9": 0.017765,
    "Q": 0.090085,
    "K": 0.091255,
    "A": 0.091105,
    "22": 0.02591,
    "33": 0.032095,
    "44": 0.028095,
    "55": 0.03345,
    "66": 0.03308,
    "77": 0.02184,
    "88": 0.03666,
    "99": 0.01286,
    "Str.": 0.026025
  }
}